"Data Source","World Development Indicators",

"Last Updated Date","2015-12-22",

"Country Name","Country Code","Indicator Name","Indicator Code","1960","1961","1962","1963","1964","1965","1966","1967","1968","1969","1970","1971","1972","1973","1974","1975","1976","1977","1978","1979","1980","1981","1982","1983","1984","1985","1986","1987","1988","1989","1990","1991","1992","1993","1994","1995","1996","1997","1998","1999","2000","2001","2002","2003","2004","2005","2006","2007","2008","2009","2010","2011","2012","2013","2014","2015",
"Aruba","ABW","Income share held by lowest 10%","SI.DST.FRST.10","","","","","","","","","","","","","","","","","","","","","","","","","","","","","","","","","","","","","","","","","","","","","","","","","","","","","","","","",
"Andorra","AND","Income share held by lowest 10%","SI.DST.FRST.10","","","","","","","","","","","","","","","","","","","","","","","","","","","","","","","","","","","","","","","","","","","","","","","","","","","","","","","","",
"Afghanistan","AFG","Income share held by lowest 10%","SI.DST.FRST.10","","","","","","","","","","","","","","","","","","","","","","","","","","","","","","","","","","","","","","","","","","","","","","","","","","","","","","","","",
"Angola","AGO","Income share held by lowest 10%","SI.DST.FRST.10","","","","","","","","","","","","","","","","","","","","","","","","","","","","","","","","","","","","","","","","","0.98","","","","","","","","2.07","","","","","","","",
"Albania","ALB","Income share held by lowest 10%","SI.DST.FRST.10","","","","","","","","","","","","","","","","","","","","","","","","","","","","","","","","","","","","","3.86","","","","","","3.42","","","3.48","","","3.73","","","","3.66","","","",
"Arab World","ARB","Income share held by lowest 10%","SI.DST.FRST.10","","","","","","","","","","","","","","","","","","","","","","","","","","","","","","","","","","","","","","","","","","","","","","","","","","","","","","","","",
"United Arab Emirates","ARE","Income share held by lowest 10%","SI.DST.FRST.10","","","","","","","","","","","","","","","","","","","","","","","","","","","","","","","","","","","","","","","","","","","","","","","","","","","","","","","","",
"Argentina","ARG","Income share held by lowest 10%","SI.DST.FRST.10","","","","","","","","","","","","","","","","","","","","","","","","","","","1.95","1.73","","","","1.75","1.6","1.48","1.5","1.13","1.03","1.08","1.07","1.07","0.95","0.65","0.87","0.75","0.97","1.06","1.1","1.22","1.26","1.24","1.46","1.57","1.6","1.6","","",
"Armenia","ARM","Income share held by lowest 10%","SI.DST.FRST.10","","","","","","","","","","","","","","","","","","","","","","","","","","","","","","","","","","","","","2.3","","","3.04","","3.19","3.34","3.68","3.08","3.33","3.57","3.67","3.75","3.87","3.82","3.72","3.7","3.53","","",
"American Samoa","ASM","Income share held by lowest 10%","SI.DST.FRST.10","","","","","","","","","","","","","","","","","","","","","","","","","","","","","","","","","","","","","","","","","","","","","","","","","","","","","","","","",
"Antigua and Barbuda","ATG","Income share held by lowest 10%","SI.DST.FRST.10","","","","","","","","","","","","","","","","","","","","","","","","","","","","","","","","","","","","","","","","","","","","","","","","","","","","","","","","",
"Australia","AUS","Income share held by lowest 10%","SI.DST.FRST.10","","","","","","","","","","","","","","","","","","","","","","2.78","","","","2.71","","","","2.63","","","","","","2.09","","","","","","2.31","","2.39","","","","","2.67","","2.58","","","","","",
"Austria","AUT","Income share held by lowest 10%","SI.DST.FRST.10","","","","","","","","","","","","","","","","","","","","","","","","","","","","","","","","","","","","","","","","","","","","","3.37","3.49","3.4","3.05","3","2.82","3.08","2.92","2.84","","","",
"Azerbaijan","AZE","Income share held by lowest 10%","SI.DST.FRST.10","","","","","","","","","","","","","","","","","","","","","","","","","","","","","","","","","","","","2.69","","","","","","3.06","5.77","5.41","6.07","6.1","","","","","","","","","","",
"Burundi","BDI","Income share held by lowest 10%","SI.DST.FRST.10","","","","","","","","","","","","","","","","","","","","","","","","","","","","","","","","","3.41","","","","","","1.73","","","","","","","","4.01","","","","","","","","","",
"Belgium","BEL","Income share held by lowest 10%","SI.DST.FRST.10","","","","","","","","","","","","","","","","","","","","","","","","","","","","","","","","","","","","","","","","","","","","","3.31","3.01","3.28","3.15","3","3.12","3.17","3.06","3.29","","","",
"Benin","BEN","Income share held by lowest 10%","SI.DST.FRST.10","","","","","","","","","","","","","","","","","","","","","","","","","","","","","","","","","","","","","","","","","","","","2.86","","","","","","","","2.46","","","","",
"Burkina Faso","BFA","Income share held by lowest 10%","SI.DST.FRST.10","","","","","","","","","","","","","","","","","","","","","","","","","","","","","","","","","","","2.25","","","","1.99","","","","","2.28","","","","","","2.73","","","","","","",
"Bangladesh","BGD","Income share held by lowest 10%","SI.DST.FRST.10","","","","","","","","","","","","","","","","","","","","","","","","4.13","","4.47","","","4.16","","","4.12","","","","3.77","","","","","3.77","","","","","3.89","","","","","3.87","","","","","",
"Bulgaria","BGR","Income share held by lowest 10%","SI.DST.FRST.10","","","","","","","","","","","","","","","","","","","","","","","","","","","","","","4.56","","","3.47","","4.39","2.78","","4.52","","","","2.58","","3.44","","","1.61","3.26","2.42","2.37","2.11","2.07","2","","","",
"Bahrain","BHR","Income share held by lowest 10%","SI.DST.FRST.10","","","","","","","","","","","","","","","","","","","","","","","","","","","","","","","","","","","","","","","","","","","","","","","","","","","","","","","","",
"Bahamas, The","BHS","Income share held by lowest 10%","SI.DST.FRST.10","","","","","","","","","","","","","","","","","","","","","","","","","","","","","","","","","","","","","","","","","","","","","","","","","","","","","","","","",
"Bosnia and Herzegovina","BIH","Income share held by lowest 10%","SI.DST.FRST.10","","","","","","","","","","","","","","","","","","","","","","","","","","","","","","","","","","","","","","","","","","3.64","","","2.94","","","3","","","","","","","","",
"Belarus","BLR","Income share held by lowest 10%","SI.DST.FRST.10","","","","","","","","","","","","","","","","","","","","","","","","","","","","","4.47","","","","","4.87","","3.39","","","3.32","3.22","3.4","3.29","3.37","3.38","3.84","3.62","3.63","3.59","3.79","3.71","3.76","3.88","4.05","","","",
"Belize","BLZ","Income share held by lowest 10%","SI.DST.FRST.10","","","","","","","","","","","","","","","","","","","","","","","","","","","","","","","","","","0.85","0.99","0.75","1.01","0.64","1.03","0.93","","","","","","","","","","","","","","","","",
"Bermuda","BMU","Income share held by lowest 10%","SI.DST.FRST.10","","","","","","","","","","","","","","","","","","","","","","","","","","","","","","","","","","","","","","","","","","","","","","","","","","","","","","","","",
"Bolivia","BOL","Income share held by lowest 10%","SI.DST.FRST.10","","","","","","","","","","","","","","","","","","","","","","","","","","","","","","","2.32","","","1.63","","","","0.48","","0.26","0.13","0.35","0.27","","0.92","0.45","0.5","0.67","0.76","0.68","","1.05","0.82","0.92","","",
"Brazil","BRA","Income share held by lowest 10%","SI.DST.FRST.10","","","","","","","","","","","","","","","","","","","","","","0.84","0.84","0.84","0.88","0.93","0.86","0.74","0.64","0.6","0.76","","0.82","0.69","","0.76","0.66","0.69","0.75","0.78","","0.71","0.81","0.79","0.89","0.93","0.96","0.9","0.99","0.98","","0.98","1.04","0.97","","",
"Barbados","BRB","Income share held by lowest 10%","SI.DST.FRST.10","","","","","","","","","","","","","","","","","","","","","","","","","","","","","","","","","","","","","","","","","","","","","","","","","","","","","","","","",
"Brunei Darussalam","BRN","Income share held by lowest 10%","SI.DST.FRST.10","","","","","","","","","","","","","","","","","","","","","","","","","","","","","","","","","","","","","","","","","","","","","","","","","","","","","","","","",
"Bhutan","BTN","Income share held by lowest 10%","SI.DST.FRST.10","","","","","","","","","","","","","","","","","","","","","","","","","","","","","","","","","","","","","","","","","","","","0.03","","","","2.73","","","","","2.77","","","",
"Botswana","BWA","Income share held by lowest 10%","SI.DST.FRST.10","","","","","","","","","","","","","","","","","","","","","","","","","","1.43","","","","","","","","1.19","","","","","","","","","0.82","","","","","","","1.05","","","","","","",
"Central African Republic","CAF","Income share held by lowest 10%","SI.DST.FRST.10","","","","","","","","","","","","","","","","","","","","","","","","","","","","","","","","","0.69","","","","","","","","","","","2.02","","","","","1.21","","","","","","","",
"Canada","CAN","Income share held by lowest 10%","SI.DST.FRST.10","","","","","","","","","","","","","","","","","","","","","","2.52","","","","","","2.74","","","","2.83","","","2.79","","","2.65","2.39","","2.48","","","","2.53","","","2.7","","","2.68","","","","","",
"Central Europe and the Baltics","CEB","Income share held by lowest 10%","SI.DST.FRST.10","","","","","","","","","","","","","","","","","","","","","","","","","","","","","","","","","","","","","","","","","","","","","","","","","","","","","","","","",
"Switzerland","CHE","Income share held by lowest 10%","SI.DST.FRST.10","","","","","","","","","","","","","","","","","","","","","","","","","","","","","","","","","","","","","","","","","","","","","","","","2.77","2.89","3.04","2.96","3.08","3.29","","","",
"Channel Islands","CHI","Income share held by lowest 10%","SI.DST.FRST.10","","","","","","","","","","","","","","","","","","","","","","","","","","","","","","","","","","","","","","","","","","","","","","","","","","","","","","","","",
"Chile","CHL","Income share held by lowest 10%","SI.DST.FRST.10","","","","","","","","","","","","","","","","","","","","","","","","","","","","1.16","","","1.19","","1.43","","1.23","","1.33","","1.25","","1.31","","","1.38","","","1.57","","","1.55","","1.68","","1.72","","",
"China","CHN","Income share held by lowest 10%","SI.DST.FRST.10","","","","","","","","","","","","","","","","","","","","","","3.72","","","3.76","3.88","","3.26","","","3.49","","","3.18","","","3.11","","","2.73","","","2.28","","","1.89","","","1.77","","1.69","","","","","",
"Cote d'Ivoire","CIV","Income share held by lowest 10%","SI.DST.FRST.10","","","","","","","","","","","","","","","","","","","","","","","","","","1.79","2.81","2.45","2.69","","","","2.28","2.41","","2.71","","","2.56","","","","2.3","","","","","","1.84","","","","","","","",
"Cameroon","CMR","Income share held by lowest 10%","SI.DST.FRST.10","","","","","","","","","","","","","","","","","","","","","","","","","","","","","","","","","","","","","2.48","","","","","2.49","","","","","","2.46","","","","","","","","",
"Congo, Rep.","COG","Income share held by lowest 10%","SI.DST.FRST.10","","","","","","","","","","","","","","","","","","","","","","","","","","","","","","","","","","","","","","","","","","","","","","1.96","","","","","","2.18","","","","",
"Colombia","COL","Income share held by lowest 10%","SI.DST.FRST.10","","","","","","","","","","","","","","","","","","","","","","","","","","","","","1.22","1.34","","1.34","1.06","","","","0.46","","","0.35","0.13","0.5","0.87","1.06","1.13","1.13","0.57","0.71","0.91","0.97","1.05","1.11","1.06","1.09","","",
"Comoros","COM","Income share held by lowest 10%","SI.DST.FRST.10","","","","","","","","","","","","","","","","","","","","","","","","","","","","","","","","","","","","","","","","","","","","","1.54","","","","","","","","","","","",
"Cabo Verde","CPV","Income share held by lowest 10%","SI.DST.FRST.10","","","","","","","","","","","","","","","","","","","","","","","","","","","","","","","","","","","","","","","","","","1.59","","","","","","1.95","","","","","","","","",
"Costa Rica","CRI","Income share held by lowest 10%","SI.DST.FRST.10","","","","","","","","","","","","","","","","","","","","","","1.07","","","","","1.53","","","0.61","0.95","0.97","1.07","1.01","1.13","1.12","1.05","1.28","1.36","1.16","1.13","0.91","0.96","0.98","1.12","1.3","1.24","1.46","1.41","1.21","1.57","1.49","1.47","1.45","","",
"Caribbean small states","CSS","Income share held by lowest 10%","SI.DST.FRST.10","","","","","","","","","","","","","","","","","","","","","","","","","","","","","","","","","","","","","","","","","","","","","","","","","","","","","","","","",
"Cuba","CUB","Income share held by lowest 10%","SI.DST.FRST.10","","","","","","","","","","","","","","","","","","","","","","","","","","","","","","","","","","","","","","","","","","","","","","","","","","","","","","","","",
"Curacao","CUW","Income share held by lowest 10%","SI.DST.FRST.10","","","","","","","","","","","","","","","","","","","","","","","","","","","","","","","","","","","","","","","","","","","","","","","","","","","","","","","","",
"Cayman Islands","CYM","Income share held by lowest 10%","SI.DST.FRST.10","","","","","","","","","","","","","","","","","","","","","","","","","","","","","","","","","","","","","","","","","","","","","","","","","","","","","","","","",
"Cyprus","CYP","Income share held by lowest 10%","SI.DST.FRST.10","","","","","","","","","","","","","","","","","","","","","","","","","","","","","","","","","","","","","","","","","","","","","3.65","3.79","3.74","3.7","3.67","3.5","3.56","3.41","3.29","","","",
"Czech Republic","CZE","Income share held by lowest 10%","SI.DST.FRST.10","","","","","","","","","","","","","","","","","","","","","","","","","","","","","5.31","","","","","4.64","","","4.32","","","","","","","","3.58","3.77","3.73","3.92","3.91","3.82","3.71","3.69","3.87","","","",
"Germany","DEU","Income share held by lowest 10%","SI.DST.FRST.10","","","","","","","","","","","","","","","","","","","","","","","","","","","","","","","","","","","","","","","","","","","","","","","2.48","2.85","3.19","3.16","3.09","3.36","","","","",
"Djibouti","DJI","Income share held by lowest 10%","SI.DST.FRST.10","","","","","","","","","","","","","","","","","","","","","","","","","","","","","","","","","","","","","","","","","","","2.31","","","","","","","","","","1.26","","","",
"Dominica","DMA","Income share held by lowest 10%","SI.DST.FRST.10","","","","","","","","","","","","","","","","","","","","","","","","","","","","","","","","","","","","","","","","","","","","","","","","","","","","","","","","",
"Denmark","DNK","Income share held by lowest 10%","SI.DST.FRST.10","","","","","","","","","","","","","","","","","","","","","","","","","","","","","","","","","","","","","","","","","","","","","3.3","3.41","3.17","3.48","1.28","1.96","2.39","2.26","2.84","","","",
"Dominican Republic","DOM","Income share held by lowest 10%","SI.DST.FRST.10","","","","","","","","","","","","","","","","","","","","","","","","","","","1.38","","","1.66","","","1.61","","","","1.47","1.31","","","1.22","1.47","1.26","1.33","1.42","1.5","1.45","1.61","1.7","1.69","1.81","1.78","1.89","1.9","","",
"Algeria","DZA","Income share held by lowest 10%","SI.DST.FRST.10","","","","","","","","","","","","","","","","","","","","","","","","","","","","","","","","","","","","2.87","","","","","","","","","","","","","","","","","","","","",
"East Asia & Pacific (developing only)","EAP","Income share held by lowest 10%","SI.DST.FRST.10","","","","","","","","","","","","","","","","","","","","","","","","","","","","","","","","","","","","","","","","","","","","","","","","","","","","","","","","",
"East Asia & Pacific (all income levels)","EAS","Income share held by lowest 10%","SI.DST.FRST.10","","","","","","","","","","","","","","","","","","","","","","","","","","","","","","","","","","","","","","","","","","","","","","","","","","","","","","","","",
"Europe & Central Asia (developing only)","ECA","Income share held by lowest 10%","SI.DST.FRST.10","","","","","","","","","","","","","","","","","","","","","","","","","","","","","","","","","","","","","","","","","","","","","","","","","","","","","","","","",
"Europe & Central Asia (all income levels)","ECS","Income share held by lowest 10%","SI.DST.FRST.10","","","","","","","","","","","","","","","","","","","","","","","","","","","","","","","","","","","","","","","","","","","","","","","","","","","","","","","","",
"Ecuador","ECU","Income share held by lowest 10%","SI.DST.FRST.10","","","","","","","","","","","","","","","","","","","","","","","","","","","","1.03","","","","","","","0.89","0.98","","","1.26","0.74","0.94","","","0.89","0.96","0.93","1.17","1.01","1.15","1.25","1.36","1.44","1.41","1.59","","",
"Egypt, Arab Rep.","EGY","Income share held by lowest 10%","SI.DST.FRST.10","","","","","","","","","","","","","","","","","","","","","","","","","","","","","","","","","","","","","","","","","","","","","","","","","3.96","","","","","","","",
"Euro area","EMU","Income share held by lowest 10%","SI.DST.FRST.10","","","","","","","","","","","","","","","","","","","","","","","","","","","","","","","","","","","","","","","","","","","","","","","","","","","","","","","","",
"Eritrea","ERI","Income share held by lowest 10%","SI.DST.FRST.10","","","","","","","","","","","","","","","","","","","","","","","","","","","","","","","","","","","","","","","","","","","","","","","","","","","","","","","","",
"Spain","ESP","Income share held by lowest 10%","SI.DST.FRST.10","","","","","","","","","","","","","","","","","","","","","","","","","","","","","","","","","","","","","","","","","","","","","2.41","2.43","2.44","1.94","1.98","1.86","1.8","1.72","1.7","","","",
"Estonia","EST","Income share held by lowest 10%","SI.DST.FRST.10","","","","","","","","","","","","","","","","","","","","","","","","","","","","","4.2","","","","","2.5","","3.37","","","2.99","","2.68","2.74","2.71","2.64","2.71","2.57","2.73","2.95","2.85","2.73","2.45","2.48","2.47","","","",
"Ethiopia","ETH","Income share held by lowest 10%","SI.DST.FRST.10","","","","","","","","","","","","","","","","","","","","","","3.68","","","","","","","","","","","","","","2.59","","","","3.85","","","","","4.07","","","","","","3.18","","","","","",
"European Union","EUU","Income share held by lowest 10%","SI.DST.FRST.10","","","","","","","","","","","","","","","","","","","","","","","","","","","","","","","","","","","","","","","","","","","","","","","","","","","","","","","","",
"Fragile and conflict affected situations","FCS","Income share held by lowest 10%","SI.DST.FRST.10","","","","","","","","","","","","","","","","","","","","","","","","","","","","","","","","","","","","","","","","","","","","","","","","","","","","","","","","",
"Finland","FIN","Income share held by lowest 10%","SI.DST.FRST.10","","","","","","","","","","","","","","","","","","","","","","","","","","","","","","","","","","","","","","","","","","","","","3.88","3.94","3.79","3.75","3.75","3.8","3.72","3.77","3.85","","","",
"Fiji","FJI","Income share held by lowest 10%","SI.DST.FRST.10","","","","","","","","","","","","","","","","","","","","","","","","","","","","","","","","","","","","","","","","","","","2.55","","","","","","2.45","","","","","","","",
"France","FRA","Income share held by lowest 10%","SI.DST.FRST.10","","","","","","","","","","","","","","","","","","","","","","","","","","","","","","","","","","","","","","","","","","","","","3.34","3.4","3.29","3.14","3.15","","3.01","3.06","3.07","","","",
"Faeroe Islands","FRO","Income share held by lowest 10%","SI.DST.FRST.10","","","","","","","","","","","","","","","","","","","","","","","","","","","","","","","","","","","","","","","","","","","","","","","","","","","","","","","","",
"Micronesia, Fed. Sts.","FSM","Income share held by lowest 10%","SI.DST.FRST.10","","","","","","","","","","","","","","","","","","","","","","","","","","","","","","","","","","","","","","","","","0.45","","","","","","","","","","","","","","","",
"Gabon","GAB","Income share held by lowest 10%","SI.DST.FRST.10","","","","","","","","","","","","","","","","","","","","","","","","","","","","","","","","","","","","","","","","","","","","","","2.27","","","","","","","","","","",
"United Kingdom","GBR","Income share held by lowest 10%","SI.DST.FRST.10","","","","","","","","","","","","","","","","","","","","","","","","","","","","","","","","","","","","","","","","","","","","","2.38","2.41","2.54","2.52","2.62","2.6","2.62","2.57","2.94","","","",
"Georgia","GEO","Income share held by lowest 10%","SI.DST.FRST.10","","","","","","","","","","","","","","","","","","","","","","","","","","","","","","","","","","","","","2.33","1.73","1.72","1.87","1.8","2","2.05","2.01","1.91","1.95","2.03","2.01","1.98","1.89","1.84","1.76","1.9","2.09","","",
"Ghana","GHA","Income share held by lowest 10%","SI.DST.FRST.10","","","","","","","","","","","","","","","","","","","","","","","","","","","","2.82","2.87","","","2.62","","","","","","","2.22","","","","","","","1.9","","","","","","","","","","",
"Guinea","GIN","Income share held by lowest 10%","SI.DST.FRST.10","","","","","","","","","","","","","","","","","","","","","","","","","","","","","","","","0.89","","","2.07","","","","","","","","2.29","","","","","2.45","","","","","3.03","","","",
"Gambia, The","GMB","Income share held by lowest 10%","SI.DST.FRST.10","","","","","","","","","","","","","","","","","","","","","","","","","","","","","","","","","","","","","","","1.83","","","","","1.79","","","","","","","","","","","","",
"Guinea-Bissau","GNB","Income share held by lowest 10%","SI.DST.FRST.10","","","","","","","","","","","","","","","","","","","","","","","","","","","","","","","","","","2.23","","","","","","","","","2.93","","","","","","","","1.63","","","","","",
"Equatorial Guinea","GNQ","Income share held by lowest 10%","SI.DST.FRST.10","","","","","","","","","","","","","","","","","","","","","","","","","","","","","","","","","","","","","","","","","","","","","","","","","","","","","","","","",
"Greece","GRC","Income share held by lowest 10%","SI.DST.FRST.10","","","","","","","","","","","","","","","","","","","","","","","","","","","","","","","","","","","","","","","","","","","","","2.4","2.28","2.31","2.2","2.27","2.45","2.22","1.63","1.74","","","",
"Grenada","GRD","Income share held by lowest 10%","SI.DST.FRST.10","","","","","","","","","","","","","","","","","","","","","","","","","","","","","","","","","","","","","","","","","","","","","","","","","","","","","","","","",
"Greenland","GRL","Income share held by lowest 10%","SI.DST.FRST.10","","","","","","","","","","","","","","","","","","","","","","","","","","","","","","","","","","","","","","","","","","","","","","","","","","","","","","","","",
"Guatemala","GTM","Income share held by lowest 10%","SI.DST.FRST.10","","","","","","","","","","","","","","","","","","","","","","","","","","","1","","","0.68","","","","","","","","","","","1.09","","0.61","0.83","1.09","","1.07","","","","","1.34","","","","",
"Guam","GUM","Income share held by lowest 10%","SI.DST.FRST.10","","","","","","","","","","","","","","","","","","","","","","","","","","","","","","","","","","","","","","","","","","","","","","","","","","","","","","","","",
"Guyana","GUY","Income share held by lowest 10%","SI.DST.FRST.10","","","","","","","","","","","","","","","","","","","","","","","","","","","","","","","","","","","","","","","1.54","","","","","","","","","","","","","","","","","",
"High income","HIC","Income share held by lowest 10%","SI.DST.FRST.10","","","","","","","","","","","","","","","","","","","","","","","","","","","","","","","","","","","","","","","","","","","","","","","","","","","","","","","","",
"Hong Kong SAR, China","HKG","Income share held by lowest 10%","SI.DST.FRST.10","","","","","","","","","","","","","","","","","","","","","","","","","","","","","","","","","","","","","","","","","","","","","","","","","","","","","","","","",
"Honduras","HND","Income share held by lowest 10%","SI.DST.FRST.10","","","","","","","","","","","","","","","","","","","","","","","","","","","1.23","","","1.04","1.02","1.25","1.34","1.19","0.99","1.04","0.93","1.23","0.51","0.55","","0.79","0.38","0.65","0.64","0.48","0.58","0.9","0.91","1.15","1.09","0.75","0.79","0.98","","",
"Heavily indebted poor countries (HIPC)","HPC","Income share held by lowest 10%","SI.DST.FRST.10","","","","","","","","","","","","","","","","","","","","","","","","","","","","","","","","","","","","","","","","","","","","","","","","","","","","","","","","",
"Croatia","HRV","Income share held by lowest 10%","SI.DST.FRST.10","","","","","","","","","","","","","","","","","","","","","","","","","","","","","4.31","","","","","","","","","","3.53","3.79","3.54","3.52","","","3.52","","","","3.29","3.24","3.94","2.48","","","","",
"Haiti","HTI","Income share held by lowest 10%","SI.DST.FRST.10","","","","","","","","","","","","","","","","","","","","","","","","","","","","","","","","","","","","","","","","","","0.64","","","","","","","","","","","0.55","","","",
"Hungary","HUN","Income share held by lowest 10%","SI.DST.FRST.10","","","","","","","","","","","","","","","","","","","","","","","","","","","","4.96","","4.63","","","","4.1","","","","","4.02","3.99","4","3.89","4.04","3.34","3.5","3.44","3.44","3.39","3.55","3.59","3.28","3.19","2.99","","","",
"Indonesia","IDN","Income share held by lowest 10%","SI.DST.FRST.10","","","","","","","","","","","","","","","","","","","","","","","","","3.74","","","4.07","","","4.17","","","4.22","","","4","","","4.25","","","4.29","","","3.67","","","3.56","","3.36","","","","","",
"Isle of Man","IMN","Income share held by lowest 10%","SI.DST.FRST.10","","","","","","","","","","","","","","","","","","","","","","","","","","","","","","","","","","","","","","","","","","","","","","","","","","","","","","","","",
"India","IND","Income share held by lowest 10%","SI.DST.FRST.10","","","","","","","","","","","","","","","","","","","","","","","","3.77","","","","3.91","","","","","","3.95","","","","","","","","","","","3.75","","","","","3.69","","3.52","","","","",
"Not classified","INX","Income share held by lowest 10%","SI.DST.FRST.10","","","","","","","","","","","","","","","","","","","","","","","","","","","","","","","","","","","","","","","","","","","","","","","","","","","","","","","","",
"Ireland","IRL","Income share held by lowest 10%","SI.DST.FRST.10","","","","","","","","","","","","","","","","","","","","","","","","","","","","","","","","","","","","","","","","","","","","","2.94","3.14","3.11","3.3","3.26","2.86","2.85","2.87","3.05","","","",
"Iran, Islamic Rep.","IRN","Income share held by lowest 10%","SI.DST.FRST.10","","","","","","","","","","","","","","","","","","","","","","","","","","","1.81","","","","2.06","","","","2.23","","","","2.07","","","","","","","2.54","","","","2.1","","","","2.85","","",
"Iraq","IRQ","Income share held by lowest 10%","SI.DST.FRST.10","","","","","","","","","","","","","","","","","","","","","","","","","","","","","","","","","","","","","","","","","","","","","","","","","","","","","3.68","","","",
"Iceland","ISL","Income share held by lowest 10%","SI.DST.FRST.10","","","","","","","","","","","","","","","","","","","","","","","","","","","","","","","","","","","","","","","","","","","","","3.72","3.46","3.56","3.65","3.51","3.62","3.7","3.58","3.67","","","",
"Israel","ISR","Income share held by lowest 10%","SI.DST.FRST.10","","","","","","","","","","","","","","","","","","","","","","","","","","","2.55","","","","","","2.79","","","","","2.42","","","","2.14","","","","1.67","","1.77","","","1.69","","","","","",
"Italy","ITA","Income share held by lowest 10%","SI.DST.FRST.10","","","","","","","","","","","","","","","","","","","","","","","","","","","","","","","","","","","","","","","","","","","","","2.28","2.24","2.29","2.41","2.39","2.27","2.04","2.14","1.92","","","",
"Jamaica","JAM","Income share held by lowest 10%","SI.DST.FRST.10","","","","","","","","","","","","","","","","","","","","","","","","","","","","","2.14","","2.47","","","2.72","","","2.51","","","2.05","","","1.82","","2.06","","","","","","","","","","","",
"Jordan","JOR","Income share held by lowest 10%","SI.DST.FRST.10","","","","","","","","","","","","","","","","","","","","","","","","","","","3.14","","","","","","2.54","","","","","3.27","","","","","2.98","","","","3.33","","3.57","","3.45","","","","","",
"Japan","JPN","Income share held by lowest 10%","SI.DST.FRST.10","","","","","","","","","","","","","","","","","","","","","","","","","","","","","","","","","","","","","","","","","","","","","","","","","2.68","","","","","","","",
"Kazakhstan","KAZ","Income share held by lowest 10%","SI.DST.FRST.10","","","","","","","","","","","","","","","","","","","","","","","","","","","","","4.07","","","","","3.07","","","2.66","","","","","2.69","3.02","3.13","3.41","3.61","3.74","3.88","3.98","3.89","4.03","4.11","4.13","4.3","","",
"Kenya","KEN","Income share held by lowest 10%","SI.DST.FRST.10","","","","","","","","","","","","","","","","","","","","","","","","","","","","","","","","","1.24","","1.83","","","2.19","","","","","","","","1.71","","","","","","","","","","",
"Kyrgyz Republic","KGZ","Income share held by lowest 10%","SI.DST.FRST.10","","","","","","","","","","","","","","","","","","","","","","","","","","","","","4.6","","","","","0.71","","","","","1.47","","3.65","3.7","3.61","3.92","3.2","2.36","2.5","4.06","3.46","3.91","3.63","4.2","4.02","","","",
"Cambodia","KHM","Income share held by lowest 10%","SI.DST.FRST.10","","","","","","","","","","","","","","","","","","","","","","","","","","","","","","","","","","","3.45","","","","","","","","","","3.38","","","2.87","3.29","3.39","3.57","3.81","3.93","","","",
"Kiribati","KIR","Income share held by lowest 10%","SI.DST.FRST.10","","","","","","","","","","","","","","","","","","","","","","","","","","","","","","","","","","","","","","","","","","","","","","","2.22","","","","","","","","","",
"St. Kitts and Nevis","KNA","Income share held by lowest 10%","SI.DST.FRST.10","","","","","","","","","","","","","","","","","","","","","","","","","","","","","","","","","","","","","","","","","","","","","","","","","","","","","","","","",
"Korea, Rep.","KOR","Income share held by lowest 10%","SI.DST.FRST.10","","","","","","","","","","","","","","","","","","","","","","","","","","","","","","","","","","","","","","","","","","","","","","","","","","","","","","","","",
"Kosovo","KSV","Income share held by lowest 10%","SI.DST.FRST.10","","","","","","","","","","","","","","","","","","","","","","","","","","","","","","","","","","","","","","","","","","","","3.83","","3.33","3.52","","","3.24","3.23","3.71","3.59","3.84","","",
"Kuwait","KWT","Income share held by lowest 10%","SI.DST.FRST.10","","","","","","","","","","","","","","","","","","","","","","","","","","","","","","","","","","","","","","","","","","","","","","","","","","","","","","","","",
"Latin America & Caribbean (developing only)","LAC","Income share held by lowest 10%","SI.DST.FRST.10","","","","","","","","","","","","","","","","","","","","","","","","","","","","","","","","","","","","","","","","","","","","","","","","","","","","","","","","",
"Lao PDR","LAO","Income share held by lowest 10%","SI.DST.FRST.10","","","","","","","","","","","","","","","","","","","","","","","","","","","","","","","","","3.48","","","","","3.36","","","","","3.44","","","","","3.16","","","","","3.01","","","",
"Lebanon","LBN","Income share held by lowest 10%","SI.DST.FRST.10","","","","","","","","","","","","","","","","","","","","","","","","","","","","","","","","","","","","","","","","","","","","","","","","","","","","","","","","",
"Liberia","LBR","Income share held by lowest 10%","SI.DST.FRST.10","","","","","","","","","","","","","","","","","","","","","","","","","","","","","","","","","","","","","","","","","","","","","","","","2.37","","","","","","","","",
"Libya","LBY","Income share held by lowest 10%","SI.DST.FRST.10","","","","","","","","","","","","","","","","","","","","","","","","","","","","","","","","","","","","","","","","","","","","","","","","","","","","","","","","",
"St. Lucia","LCA","Income share held by lowest 10%","SI.DST.FRST.10","","","","","","","","","","","","","","","","","","","","","","","","","","","","","","","","","","","","2.01","","","","","","","","","","","","","","","","","","","","",
"Latin America & Caribbean (all income levels)","LCN","Income share held by lowest 10%","SI.DST.FRST.10","","","","","","","","","","","","","","","","","","","","","","","","","","","","","","","","","","","","","","","","","","","","","","","","","","","","","","","","",
"Least developed countries: UN classification","LDC","Income share held by lowest 10%","SI.DST.FRST.10","","","","","","","","","","","","","","","","","","","","","","","","","","","","","","","","","","","","","","","","","","","","","","","","","","","","","","","","",
"Low income","LIC","Income share held by lowest 10%","SI.DST.FRST.10","","","","","","","","","","","","","","","","","","","","","","","","","","","","","","","","","","","","","","","","","","","","","","","","","","","","","","","","",
"Liechtenstein","LIE","Income share held by lowest 10%","SI.DST.FRST.10","","","","","","","","","","","","","","","","","","","","","","","","","","","","","","","","","","","","","","","","","","","","","","","","","","","","","","","","",
"Sri Lanka","LKA","Income share held by lowest 10%","SI.DST.FRST.10","","","","","","","","","","","","","","","","","","","","","","","","","","3.59","","","","","3.72","","","","","3.37","","","","","","","2.9","","","","2.92","","","3.24","","","3.04","","","",
"Lower middle income","LMC","Income share held by lowest 10%","SI.DST.FRST.10","","","","","","","","","","","","","","","","","","","","","","","","","","","","","","","","","","","","","","","","","","","","","","","","","","","","","","","","",
"Low & middle income","LMY","Income share held by lowest 10%","SI.DST.FRST.10","","","","","","","","","","","","","","","","","","","","","","","","","","","","","","","","","","","","","","","","","","","","","","","","","","","","","","","","",
"Lesotho","LSO","Income share held by lowest 10%","SI.DST.FRST.10","","","","","","","","","","","","","","","","","","","","","","","","","","","1.04","","","","","","","","0.46","","","","","","","","0.95","","","","","","","","0.9","","","","","",
"Lithuania","LTU","Income share held by lowest 10%","SI.DST.FRST.10","","","","","","","","","","","","","","","","","","","","","","","","","","","","","4.52","","","","","3.43","","","3.17","","3.15","3.12","3.16","3.1","3.14","2.93","2.83","2.18","2.33","2.41","2.7","1.79","2.18","2.55","2.33","","","",
"Luxembourg","LUX","Income share held by lowest 10%","SI.DST.FRST.10","","","","","","","","","","","","","","","","","","","","","","","","","","","","","","","","","","","","","","","","","","","","","3.28","3.07","3.33","3.26","3.13","3.09","3.07","2.97","2.72","","","",
"Latvia","LVA","Income share held by lowest 10%","SI.DST.FRST.10","","","","","","","","","","","","","","","","","","","","","","","","","","","","","4.46","","","","","4.25","","3.18","2.92","1.17","1.08","","","","2.78","2.64","2.73","1.76","2.34","2.67","2.69","2.75","1.95","2.13","2.19","","","",
"Macao SAR, China","MAC","Income share held by lowest 10%","SI.DST.FRST.10","","","","","","","","","","","","","","","","","","","","","","","","","","","","","","","","","","","","","","","","","","","","","","","","","","","","","","","","",
"St. Martin (French part)","MAF","Income share held by lowest 10%","SI.DST.FRST.10","","","","","","","","","","","","","","","","","","","","","","","","","","","","","","","","","","","","","","","","","","","","","","","","","","","","","","","","",
"Morocco","MAR","Income share held by lowest 10%","SI.DST.FRST.10","","","","","","","","","","","","","","","","","","","","","","","","","2.66","","","","","","2.81","","","","","","","","2.76","","2.63","","","","","","","2.64","","","","","","","","",
"Monaco","MCO","Income share held by lowest 10%","SI.DST.FRST.10","","","","","","","","","","","","","","","","","","","","","","","","","","","","","","","","","","","","","","","","","","","","","","","","","","","","","","","","",
"Moldova","MDA","Income share held by lowest 10%","SI.DST.FRST.10","","","","","","","","","","","","","","","","","","","","","","","","","","","","","4.27","","","","2.72","","","","","2.44","2.22","2.33","2.74","2.62","2.87","3.06","2.94","2.9","2.81","2.96","2.92","3.07","3.32","3.5","3.76","3.88","","",
"Madagascar","MDG","Income share held by lowest 10%","SI.DST.FRST.10","","","","","","","","","","","","","","","","","","","","","","","","","","","","","","","","","","2.01","","","","2.33","","2.48","","1.9","","","","2.8","","","","","2.58","","","","","",
"Maldives","MDV","Income share held by lowest 10%","SI.DST.FRST.10","","","","","","","","","","","","","","","","","","","","","","","","","","","","","","","","","","","","","","","0.38","","","","","","2.71","","","","","2.5","","","","","","",
"Middle East & North Africa (all income levels)","MEA","Income share held by lowest 10%","SI.DST.FRST.10","","","","","","","","","","","","","","","","","","","","","","","","","","","","","","","","","","","","","","","","","","","","","","","","","","","","","","","","",
"Mexico","MEX","Income share held by lowest 10%","SI.DST.FRST.10","","","","","","","","","","","","","","","","","","","","","","","","","1.5","","","","","1.26","","","1.47","","1.54","","1.6","","1.45","","1.38","","1.6","","1.52","1.18","1.77","","1.77","","1.75","","1.85","","","",
"Marshall Islands","MHL","Income share held by lowest 10%","SI.DST.FRST.10","","","","","","","","","","","","","","","","","","","","","","","","","","","","","","","","","","","","","","","","","","","","","","","","","","","","","","","","",
"Middle income","MIC","Income share held by lowest 10%","SI.DST.FRST.10","","","","","","","","","","","","","","","","","","","","","","","","","","","","","","","","","","","","","","","","","","","","","","","","","","","","","","","","",
"Macedonia, FYR","MKD","Income share held by lowest 10%","SI.DST.FRST.10","","","","","","","","","","","","","","","","","","","","","","","","","","","","","","","","","","","","","","","3.37","","2.62","","2.38","2.4","2.35","2.22","1.91","","2.08","","","","","","","",
"Mali","MLI","Income share held by lowest 10%","SI.DST.FRST.10","","","","","","","","","","","","","","","","","","","","","","","","","","","","","","","","","","","1.75","","","","","","","2.5","","","","","2.52","","","3.32","","","","","","",
"Malta","MLT","Income share held by lowest 10%","SI.DST.FRST.10","","","","","","","","","","","","","","","","","","","","","","","","","","","","","","","","","","","","","","","","","","","","","","","","","","","","","","","","",
"Myanmar","MMR","Income share held by lowest 10%","SI.DST.FRST.10","","","","","","","","","","","","","","","","","","","","","","","","","","","","","","","","","","","","","","","","","","","","","","","","","","","","","","","","",
"Middle East & North Africa (developing only)","MNA","Income share held by lowest 10%","SI.DST.FRST.10","","","","","","","","","","","","","","","","","","","","","","","","","","","","","","","","","","","","","","","","","","","","","","","","","","","","","","","","",
"Montenegro","MNE","Income share held by lowest 10%","SI.DST.FRST.10","","","","","","","","","","","","","","","","","","","","","","","","","","","","","","","","","","","","","","","","","","","","","","3.52","3.55","3.27","3.5","3.3","3.64","3.36","2.99","2.63","","",
"Mongolia","MNG","Income share held by lowest 10%","SI.DST.FRST.10","","","","","","","","","","","","","","","","","","","","","","","","","","","","","","","","","","","","3.06","","","3.04","","","","2.99","","","","","3.02","","","3.22","3.24","3.15","","","",
"Northern Mariana Islands","MNP","Income share held by lowest 10%","SI.DST.FRST.10","","","","","","","","","","","","","","","","","","","","","","","","","","","","","","","","","","","","","","","","","","","","","","","","","","","","","","","","",
"Mozambique","MOZ","Income share held by lowest 10%","SI.DST.FRST.10","","","","","","","","","","","","","","","","","","","","","","","","","","","","","","","","","","","","","2.17","","","","","","2.09","","","","","","1.94","","","","","","","",
"Mauritania","MRT","Income share held by lowest 10%","SI.DST.FRST.10","","","","","","","","","","","","","","","","","","","","","","","","","","","","1.42","","","","","","2.05","","2.37","","","","","2.45","","","","2.61","","","","2.46","","","","","","","",
"Mauritius","MUS","Income share held by lowest 10%","SI.DST.FRST.10","","","","","","","","","","","","","","","","","","","","","","","","","","","","","","","","","","","","","","","","","","","","","","","3.09","","","","","","2.98","","","",
"Malawi","MWI","Income share held by lowest 10%","SI.DST.FRST.10","","","","","","","","","","","","","","","","","","","","","","","","","","","","","","","","","","","","","","1.55","","","","","","","2.89","","","","","","2.17","","","","","",
"Malaysia","MYS","Income share held by lowest 10%","SI.DST.FRST.10","","","","","","","","","","","","","","","","","","","","","","","","","1.83","","","1.99","","2.11","","","1.89","","","1.8","","1.74","","","","","","","1.79","","","1.87","","1.75","","","","","","",
"North America","NAC","Income share held by lowest 10%","SI.DST.FRST.10","","","","","","","","","","","","","","","","","","","","","","","","","","","","","","","","","","","","","","","","","","","","","","","","","","","","","","","","",
"Namibia","NAM","Income share held by lowest 10%","SI.DST.FRST.10","","","","","","","","","","","","","","","","","","","","","","","","","","","","","","","","","","","","","","","","","","","","1.15","","","","","","1.27","","","","","","",
"New Caledonia","NCL","Income share held by lowest 10%","SI.DST.FRST.10","","","","","","","","","","","","","","","","","","","","","","","","","","","","","","","","","","","","","","","","","","","","","","","","","","","","","","","","",
"Niger","NER","Income share held by lowest 10%","SI.DST.FRST.10","","","","","","","","","","","","","","","","","","","","","","","","","","","","","","","","","3","","2.36","","","","","","","","","","","2.29","","3.22","","","","3.8","","","","",
"Nigeria","NGA","Income share held by lowest 10%","SI.DST.FRST.10","","","","","","","","","","","","","","","","","","","","","","","","","","2.47","","","","","","","1.32","","","","1.29","","","","","","","2.11","","","","","","2.04","","","","","","",
"Nicaragua","NIC","Income share held by lowest 10%","SI.DST.FRST.10","","","","","","","","","","","","","","","","","","","","","","","","","","","","","","","","","","1.59","","","","","2.07","","","2.17","","","","2.53","","","","1.61","","","","","","",
"Netherlands","NLD","Income share held by lowest 10%","SI.DST.FRST.10","","","","","","","","","","","","","","","","","","","","","","","","","","","","","","","","","","","","","","","","","","","","","2.6","2.93","3.02","2.99","2.96","3.29","2.99","3.35","3.41","","","",
"High income: nonOECD","NOC","Income share held by lowest 10%","SI.DST.FRST.10","","","","","","","","","","","","","","","","","","","","","","","","","","","","","","","","","","","","","","","","","","","","","","","","","","","","","","","","",
"Norway","NOR","Income share held by lowest 10%","SI.DST.FRST.10","","","","","","","","","","","","","","","","","","","","","","","","","","","","","","","","","","","","","","","","","","","","","3.37","2.29","2.83","2.95","3.44","3.5","3.65","3.68","3.63","","","",
"Nepal","NPL","Income share held by lowest 10%","SI.DST.FRST.10","","","","","","","","","","","","","","","","","","","","","","","","","4.05","","","","","","","","","","","3.25","","","","","","","","2.75","","","","","","","3.51","","","","","",
"New Zealand","NZL","Income share held by lowest 10%","SI.DST.FRST.10","","","","","","","","","","","","","","","","","","","","","","","","","","","","","","","","","","","","","","","","","","","","","","","","","","","","","","","","",
"High income: OECD","OEC","Income share held by lowest 10%","SI.DST.FRST.10","","","","","","","","","","","","","","","","","","","","","","","","","","","","","","","","","","","","","","","","","","","","","","","","","","","","","","","","",
"OECD members","OED","Income share held by lowest 10%","SI.DST.FRST.10","","","","","","","","","","","","","","","","","","","","","","","","","","","","","","","","","","","","","","","","","","","","","","","","","","","","","","","","",
"Oman","OMN","Income share held by lowest 10%","SI.DST.FRST.10","","","","","","","","","","","","","","","","","","","","","","","","","","","","","","","","","","","","","","","","","","","","","","","","","","","","","","","","",
"Other small states","OSS","Income share held by lowest 10%","SI.DST.FRST.10","","","","","","","","","","","","","","","","","","","","","","","","","","","","","","","","","","","","","","","","","","","","","","","","","","","","","","","","",
"Pakistan","PAK","Income share held by lowest 10%","SI.DST.FRST.10","","","","","","","","","","","","","","","","","","","","","","","","","","","","3.48","","","3.37","","","","","","4.37","","3.72","","","4.06","","","3.79","3.95","","4.02","","","4.21","","","","","",
"Panama","PAN","Income share held by lowest 10%","SI.DST.FRST.10","","","","","","","","","","","","","","","","","","","","","","","","","","","","","","0.02","","0.12","","","","0.13","","0.27","0.22","0.29","0.23","0.4","0.75","0.73","0.79","0.84","0.74","0.97","1.04","1.25","1.1","1.05","0.99","1.14","","",
"Peru","PER","Income share held by lowest 10%","SI.DST.FRST.10","","","","","","","","","","","","","","","","","","","","","","","","","","","","","","","","","","","1.83","","","0.94","0.87","0.86","1.12","1.11","1.05","1.26","1.26","1.22","1.15","1.15","1.28","1.38","1.51","1.51","1.47","1.54","","",
"Philippines","PHL","Income share held by lowest 10%","SI.DST.FRST.10","","","","","","","","","","","","","","","","","","","","","","","","","","2.77","","","2.67","","","2.55","","","2.95","","","2.24","","","2.2","","","2.24","","","2.32","","","2.48","","","2.45","","","",
"Palau","PLW","Income share held by lowest 10%","SI.DST.FRST.10","","","","","","","","","","","","","","","","","","","","","","","","","","","","","","","","","","","","","","","","","","","","","","","","","","","","","","","","",
"Papua New Guinea","PNG","Income share held by lowest 10%","SI.DST.FRST.10","","","","","","","","","","","","","","","","","","","","","","","","","","","","","","","","","","","","","0.46","","","","","","","","","","","","","1.71","","","","","","",
"Poland","POL","Income share held by lowest 10%","SI.DST.FRST.10","","","","","","","","","","","","","","","","","","","","","","","","","","4.12","","4.11","","3.85","","","3.94","","","","3.45","","3.38","3.33","3.23","3.2","3.11","2.98","2.84","2.35","3.16","3.2","3.2","3.24","3.23","3.25","3.31","","","",
"Puerto Rico","PRI","Income share held by lowest 10%","SI.DST.FRST.10","","","","","","","","","","","","","","","","","","","","","","","","","","","","","","","","","","","","","","","","","","","","","","","","","","","","","","","","",
"Korea, Dem. Rep.","PRK","Income share held by lowest 10%","SI.DST.FRST.10","","","","","","","","","","","","","","","","","","","","","","","","","","","","","","","","","","","","","","","","","","","","","","","","","","","","","","","","",
"Portugal","PRT","Income share held by lowest 10%","SI.DST.FRST.10","","","","","","","","","","","","","","","","","","","","","","","","","","","","","","","","","","","","","","","","","","","","","2.36","2.44","2.52","2.65","2.58","2.72","2.65","2.47","2.21","","","",
"Paraguay","PRY","Income share held by lowest 10%","SI.DST.FRST.10","","","","","","","","","","","","","","","","","","","","","","","","","","","","","","","2.18","","","","","0.71","","0.74","","0.88","","0.94","0.91","1.09","1.36","1.25","1.16","1.16","1.42","1.26","1.17","1.08","1.38","1.5","","",
"Pacific island small states","PSS","Income share held by lowest 10%","SI.DST.FRST.10","","","","","","","","","","","","","","","","","","","","","","","","","","","","","","","","","","","","","","","","","","","","","","","","","","","","","","","","",
"French Polynesia","PYF","Income share held by lowest 10%","SI.DST.FRST.10","","","","","","","","","","","","","","","","","","","","","","","","","","","","","","","","","","","","","","","","","","","","","","","","","","","","","","","","",
"Qatar","QAT","Income share held by lowest 10%","SI.DST.FRST.10","","","","","","","","","","","","","","","","","","","","","","","","","","","","","","","","","","","","","","","","","","","","","","","","","","","","","","","","",
"Romania","ROU","Income share held by lowest 10%","SI.DST.FRST.10","","","","","","","","","","","","","","","","","","","","","","","","","","","","","","4.12","","","3.8","","3.7","","","","3.22","3.46","3.45","3.41","3.27","3.41","3.38","3.4","1.75","1.83","3.43","3.56","3.52","3.66","3.66","","","",
"Russian Federation","RUS","Income share held by lowest 10%","SI.DST.FRST.10","","","","","","","","","","","","","","","","","","","","","","","","","","","","","4.22","","","","","1.65","","","1.61","2.41","2.37","2.4","2.49","2.5","2.62","2.24","2.23","2.22","2.19","2.26","2.43","2.6","2.23","2.29","2.28","","","",
"Rwanda","RWA","Income share held by lowest 10%","SI.DST.FRST.10","","","","","","","","","","","","","","","","","","","","","","","","","4.4","","","","","","","","","","","","","","","","1.99","","","","","1.72","","","","","2.07","","","","","",
"South Asia","SAS","Income share held by lowest 10%","SI.DST.FRST.10","","","","","","","","","","","","","","","","","","","","","","","","","","","","","","","","","","","","","","","","","","","","","","","","","","","","","","","","",
"Saudi Arabia","SAU","Income share held by lowest 10%","SI.DST.FRST.10","","","","","","","","","","","","","","","","","","","","","","","","","","","","","","","","","","","","","","","","","","","","","","","","","","","","","","","","",
"Sudan","SDN","Income share held by lowest 10%","SI.DST.FRST.10","","","","","","","","","","","","","","","","","","","","","","","","","","","","","","","","","","","","","","","","","","","","","","","","","","2.64","","","","","","",
"Senegal","SEN","Income share held by lowest 10%","SI.DST.FRST.10","","","","","","","","","","","","","","","","","","","","","","","","","","","","","","","","1.36","","","2.62","","","","","","","2.72","","","","2.4","","","","","","2.3","","","","",
"Singapore","SGP","Income share held by lowest 10%","SI.DST.FRST.10","","","","","","","","","","","","","","","","","","","","","","","","","","","","","","","","","","","","","","","","","","","","","","","","","","","","","","","","",
"Solomon Islands","SLB","Income share held by lowest 10%","SI.DST.FRST.10","","","","","","","","","","","","","","","","","","","","","","","","","","","","","","","","","","","","","","","","","","","","","","1.85","","","","","","","","","","",
"Sierra Leone","SLE","Income share held by lowest 10%","SI.DST.FRST.10","","","","","","","","","","","","","","","","","","","","","","","","","","","","","","","","","","","","","","","","","","","","2.67","","","","","","","","3.26","","","","",
"El Salvador","SLV","Income share held by lowest 10%","SI.DST.FRST.10","","","","","","","","","","","","","","","","","","","","","","","","","","","","","","","","0.56","","","","1.11","1.05","","0.38","0.51","1.01","0.93","0.93","0.58","1.21","1.35","1.79","1.93","1.7","1.78","1.67","2.11","2.15","2.11","","",
"San Marino","SMR","Income share held by lowest 10%","SI.DST.FRST.10","","","","","","","","","","","","","","","","","","","","","","","","","","","","","","","","","","","","","","","","","","","","","","","","","","","","","","","","",
"Somalia","SOM","Income share held by lowest 10%","SI.DST.FRST.10","","","","","","","","","","","","","","","","","","","","","","","","","","","","","","","","","","","","","","","","","","","","","","","","","","","","","","","","",
"Serbia","SRB","Income share held by lowest 10%","SI.DST.FRST.10","","","","","","","","","","","","","","","","","","","","","","","","","","","","","","","","","","","","","","","","","","","3.23","3.13","3.13","2.88","3.4","3.44","3.76","3.55","3.37","","","","","",
"Sub-Saharan Africa (developing only)","SSA","Income share held by lowest 10%","SI.DST.FRST.10","","","","","","","","","","","","","","","","","","","","","","","","","","","","","","","","","","","","","","","","","","","","","","","","","","","","","","","","",
"South Sudan","SSD","Income share held by lowest 10%","SI.DST.FRST.10","","","","","","","","","","","","","","","","","","","","","","","","","","","","","","","","","","","","","","","","","","","","","","","","","","","","","","","","",
"Sub-Saharan Africa (all income levels)","SSF","Income share held by lowest 10%","SI.DST.FRST.10","","","","","","","","","","","","","","","","","","","","","","","","","","","","","","","","","","","","","","","","","","","","","","","","","","","","","","","","",
"Small states","SST","Income share held by lowest 10%","SI.DST.FRST.10","","","","","","","","","","","","","","","","","","","","","","","","","","","","","","","","","","","","","","","","","","","","","","","","","","","","","","","","",
"Sao Tome and Principe","STP","Income share held by lowest 10%","SI.DST.FRST.10","","","","","","","","","","","","","","","","","","","","","","","","","","","","","","","","","","","","","","","","","3.3","","","","","","","","","","3.5","","","","","",
"Suriname","SUR","Income share held by lowest 10%","SI.DST.FRST.10","","","","","","","","","","","","","","","","","","","","","","","","","","","","","","","","","","","","","","","","","","","","","","","","","","","","","","","","",
"Slovak Republic","SVK","Income share held by lowest 10%","SI.DST.FRST.10","","","","","","","","","","","","","","","","","","","","","","","","","","","","","5.43","","","","5.13","","","","3.13","","","","","","","","3.82","3.65","4.12","4.09","4.19","4.35","3.11","3.19","3.13","","","",
"Slovenia","SVN","Income share held by lowest 10%","SI.DST.FRST.10","","","","","","","","","","","","","","","","","","","","","","","","","","","","4.49","","","","","","3.97","","","","","3.94","","","","3.51","3.37","3.38","4.02","3.98","4.05","4.18","3.95","3.87","3.92","3.72","","","",
"Sweden","SWE","Income share held by lowest 10%","SI.DST.FRST.10","","","","","","","","","","","","","","","","","","","","","","","","","","","","","","","","","","","","","","","","","","","","","3.47","3.01","3.48","3.21","3.21","3.39","3.33","3.13","3.17","","","",
"Swaziland","SWZ","Income share held by lowest 10%","SI.DST.FRST.10","","","","","","","","","","","","","","","","","","","","","","","","","","","","","","","","","","","0.87","","","","","","1.83","","","","","","","","","1.48","","","","","","",
"Sint Maarten (Dutch part)","SXM","Income share held by lowest 10%","SI.DST.FRST.10","","","","","","","","","","","","","","","","","","","","","","","","","","","","","","","","","","","","","","","","","","","","","","","","","","","","","","","","",
"Seychelles","SYC","Income share held by lowest 10%","SI.DST.FRST.10","","","","","","","","","","","","","","","","","","","","","","","","","","","","","","","","","","","","","","","","2.12","","","","","","","2.35","","","","","","","","","",
"Syrian Arab Republic","SYR","Income share held by lowest 10%","SI.DST.FRST.10","","","","","","","","","","","","","","","","","","","","","","","","","","","","","","","","","","","","","","","","","","","","","3.2","","","","","","","","","","","",
"Turks and Caicos Islands","TCA","Income share held by lowest 10%","SI.DST.FRST.10","","","","","","","","","","","","","","","","","","","","","","","","","","","","","","","","","","","","","","","","","","","","","","","","","","","","","","","","",
"Chad","TCD","Income share held by lowest 10%","SI.DST.FRST.10","","","","","","","","","","","","","","","","","","","","","","","","","","","","","","","","","","","","","","","","","","","","2.46","","","","","","","","1.78","","","","",
"Togo","TGO","Income share held by lowest 10%","SI.DST.FRST.10","","","","","","","","","","","","","","","","","","","","","","","","","","","","","","","","","","","","","","","","","","","","","","","2.46","","","","","1.91","","","","",
"Thailand","THA","Income share held by lowest 10%","SI.DST.FRST.10","","","","","","","","","","","","","","","","","","","","","","2.29","","","","","","","2.68","","2.45","","2.25","","2.53","","2.57","","2.68","2.54","2.56","","2.62","","2.53","","2.47","2.69","2.69","2.7","2.73","3.02","2.76","","","",
"Tajikistan","TJK","Income share held by lowest 10%","SI.DST.FRST.10","","","","","","","","","","","","","","","","","","","","","","","","","","","","","","","","","","","","","","","","3.27","","","","3.26","3.19","","","2.57","","3.42","","","","","","",
"Turkmenistan","TKM","Income share held by lowest 10%","SI.DST.FRST.10","","","","","","","","","","","","","","","","","","","","","","","","","","","","","4.58","","","","","2.85","","","","","2.57","","","","","","","","","","","","","","","","","",
"Timor-Leste","TLS","Income share held by lowest 10%","SI.DST.FRST.10","","","","","","","","","","","","","","","","","","","","","","","","","","","","","","","","","","","","","","","","","","2.97","","","","","","3.88","","","","","","","","",
"Tonga","TON","Income share held by lowest 10%","SI.DST.FRST.10","","","","","","","","","","","","","","","","","","","","","","","","","","","","","","","","","","","","","","","","","","","","","","","","","","2.62","","","","","","",
"Trinidad and Tobago","TTO","Income share held by lowest 10%","SI.DST.FRST.10","","","","","","","","","","","","","","","","","","","","","","","","","","","","","1.86","","","","2.07","","","","","","","","","","","","","","","","","","","","","","","",
"Tunisia","TUN","Income share held by lowest 10%","SI.DST.FRST.10","","","","","","","","","","","","","","","","","","","","","","","","","","2.26","","","","","2.28","","","","","2.3","","","","","2.44","","","","","2.52","","","","","2.6","","","","","",
"Turkey","TUR","Income share held by lowest 10%","SI.DST.FRST.10","","","","","","","","","","","","","","","","","","","","","","","","","","","","2.37","","","","","","","2.32","","","","","","","","2.28","2.1","2.04","1.95","2.08","2.15","2.13","2.21","2.21","2.16","2.19","","","",
"Tuvalu","TUV","Income share held by lowest 10%","SI.DST.FRST.10","","","","","","","","","","","","","","","","","","","","","","","","","","","","","","","","","","","","","","","","","","","","","","","","","","","","","","","","",
"Tanzania","TZA","Income share held by lowest 10%","SI.DST.FRST.10","","","","","","","","","","","","","","","","","","","","","","","","","","","","","","","","2.7","","","","","","","","","2.68","","","","","","","2.48","","","","3.09","","","","",
"Uganda","UGA","Income share held by lowest 10%","SI.DST.FRST.10","","","","","","","","","","","","","","","","","","","","","","","","","","","","","","1.93","","","2.45","","","","2.78","","","2.34","","","2.36","","","2.44","","","","2.32","","","2.39","","","",
"Ukraine","UKR","Income share held by lowest 10%","SI.DST.FRST.10","","","","","","","","","","","","","","","","","","","","","","","","","","","","","4.38","","","","3.46","","","2.37","2.81","","","3.65","","","3.62","3.8","3.59","3.65","3.66","3.81","4.08","4.27","4.42","4.39","4.41","4.39","","",
"Upper middle income","UMC","Income share held by lowest 10%","SI.DST.FRST.10","","","","","","","","","","","","","","","","","","","","","","","","","","","","","","","","","","","","","","","","","","","","","","","","","","","","","","","","",
"Uruguay","URY","Income share held by lowest 10%","SI.DST.FRST.10","","","","","","","","","","","","","","","","","","","","","","1.89","","","","","","","","1.93","","","2.07","","","1.82","1.77","1.82","1.68","","1.71","1.64","1.65","1.83","1.66","1.67","1.76","1.74","1.81","1.8","1.91","1.89","1.93","1.9","","",
"United States","USA","Income share held by lowest 10%","SI.DST.FRST.10","","","","","","","","","","","","","","","","","","","","","","","","","","","1.81","","","","","1.84","","","1.74","","","1.75","","","1.81","","","","1.66","","","1.28","","","1.62","","","1.7","","",
"Uzbekistan","UZB","Income share held by lowest 10%","SI.DST.FRST.10","","","","","","","","","","","","","","","","","","","","","","","","","","","","","4.92","","","","","","","","","","1.07","","2.73","","3.31","2.88","","","","","","","","","","","","",
"St. Vincent and the Grenadines","VCT","Income share held by lowest 10%","SI.DST.FRST.10","","","","","","","","","","","","","","","","","","","","","","","","","","","","","","","","","","","","","","","","","","","","","","","","","","","","","","","","",
"Venezuela, RB","VEN","Income share held by lowest 10%","SI.DST.FRST.10","","","","","","","","","","","","","","","","","","","","","","1.18","","","","","","1.32","","0.81","","","1.47","","","1.09","","","0.52","0.93","","0.87","0.4","0.19","0.18","0.05","0.53","","","","","","","","","",
"Virgin Islands (U.S.)","VIR","Income share held by lowest 10%","SI.DST.FRST.10","","","","","","","","","","","","","","","","","","","","","","","","","","","","","","","","","","","","","","","","","","","","","","","","","","","","","","","","",
"Vietnam","VNM","Income share held by lowest 10%","SI.DST.FRST.10","","","","","","","","","","","","","","","","","","","","","","","","","","","","","","","","","3.26","","","","","","3.34","","","","3.16","","2.9","","2.78","","2.76","","2.33","","2.59","","","",
"Vanuatu","VUT","Income share held by lowest 10%","SI.DST.FRST.10","","","","","","","","","","","","","","","","","","","","","","","","","","","","","","","","","","","","","","","","","","","","","","","","","","","2.69","","","","","",
"West Bank and Gaza","PSE","Income share held by lowest 10%","SI.DST.FRST.10","","","","","","","","","","","","","","","","","","","","","","","","","","","","","","","","","","","","","","","","","","","","","3.01","2.93","3.2","2.78","","3.19","","","","","","",
"World","WLD","Income share held by lowest 10%","SI.DST.FRST.10","","","","","","","","","","","","","","","","","","","","","","","","","","","","","","","","","","","","","","","","","","","","","","","","","","","","","","","","",
"Samoa","WSM","Income share held by lowest 10%","SI.DST.FRST.10","","","","","","","","","","","","","","","","","","","","","","","","","","","","","","","","","","","","","","","","","","","","","","","","","2.62","","","","","","","",
"Yemen, Rep.","YEM","Income share held by lowest 10%","SI.DST.FRST.10","","","","","","","","","","","","","","","","","","","","","","","","","","","","","","","","","","","","","","","","","","","","","","3.28","","","","","","","","","","",
"South Africa","ZAF","Income share held by lowest 10%","SI.DST.FRST.10","","","","","","","","","","","","","","","","","","","","","","","","","","","","","","","","","","1.25","","0.87","","","","","1.28","","","","","","0.99","","1","","","0.94","","","","",
"Congo, Dem. Rep.","COD","Income share held by lowest 10%","SI.DST.FRST.10","","","","","","","","","","","","","","","","","","","","","","","","","","","","","","","","","","","","","","","","","","","","","2.12","","","","","","","","2.09","","","",
"Zambia","ZMB","Income share held by lowest 10%","SI.DST.FRST.10","","","","","","","","","","","","","","","","","","","","","","","","","","","","","","","","0.18","","1.07","","","1.72","","1.59","","","","2.42","","1.33","","1.33","","","","1.49","","","","","",
"Zimbabwe","ZWE","Income share held by lowest 10%","SI.DST.FRST.10","","","","","","","","","","","","","","","","","","","","","","","","","","","","","","","","","","","","","","","","","","","","","","","","","","","","","","","","",
